brand_name,country_origin,website_url
3Dconnexion,,
8BitDo,,
AOC,,
ASUS,,
ATTACK SHARK,,
AUKEY,,
AULA,,
Acer,,
Adesso,,
Aesco,,
Akko,,
AmazonBasics,,
Anker,,
Apple,,
BenQ,,
Brydge,,
COUGAR,,
Cooler Master,,
Corsair,,
DELUX,,
DREVO,,
Das Keyboard,,
Dell,,
Dierya,,
Dream Machines,,
Drop,,
DrunkDeer,,
Ducky,,
Durgod,,
Dygma,,
ELECOM,,
EQEOVGA,,
EVGA,,
Endgame Gear,,
Epomaker,,
ErgoDox,,
Fantech,,
Finalmouse,,
Fintie,,
Fnatic,,
G-Wolves,,
GLORIOUS,,
GameBall,,
Gamesense,,
Geonworks,,
Gigabyte,,
HHKB,,
HK Gaming,,
HP,,
Havit,,
Hitscan,,
HyperX,,
IBM,,
INNOCN,,
IQUNIX,,
J-Tech Digital,,
Kensington,,
Keychron,,
Kinesis,,
LAMZU,,
LG,,
Lemokey,,
Lenovo,,
Leopold,,
Lepow,,
Lofree,,
Logitech,,
MCHOSE,,
MSI,,
Mad Catz,,
Marsback,,
Matias,,
Microsoft,,
MoErgo,,
Mobile Pixels,,
MonsGeek,,
Mountain,,
NPET,,
NZXT,,
Ninjutso,,
Nixeus,,
NuPhy,,
NuPhyX,,
Obinslab,,
Philips,,
Pixio,,
Ploopy,,
Pulsar,,
Pwnage,,
REALFORCE,,
ROCCAT,,
ROYAL KLUDGE,,
Razer,,
Redragon,,
Samsung,,
Sceptre,,
Scyrox,,
Sharkoon,,
Sony,,
SteelSeries,,
Swiftpoint,,
System76,,
UtechSmart,,
VGN,,
VXE,,
Vancer,,
Varmilo,,
Vaxee,,
Vegcoo,,
VicTsing,,
ViewSonic,,
Vortex,,
WLmouse,,
Wooting,,
XTRFY,,
Xenics,,
Xiaomi,,
ZAGG,,
ZSA,,
Zaunkoenig,,
espresso,,
iClever,,
